{
  "activityType":"transaction",
  "activityDatetime":"2021-01-20T13:11:45+00:00",
  "activityActor":"",
  "product":{
    "id":"e49c39ac-adc3-11e3-a374-bc764e04674e",
    "code":"BROADCUST",
    "name":"Broadcust",
    "subdomain":"broadcust"
  },
  "customer":{
    "id":"b599decf-1cb4-11e9-b94d-0050560134d5",
    "code":"test",
    "key":"8687581aad",
    "gatewayToken":"",
    "firstName":"אורנה",
    "lastName":"Goodker",
    "email":"ornavd@walla.com",
    "company":"Good Care  Clinic",
    "notes":"",
    "isTaxExempt":"0",
    "taxNumber":"",
    "firstContactDatetime":"",
    "referer":"",
    "campaignSource":"",
    "campaignMedium":"",
    "campaignTerm":"",
    "campaignContent":"",
    "campaignName":"",
    "createdDatetime":"2019-01-20T13:10:07+00:00"
  },
  "subscription":{
    "id":"b59b20c4-1cb4-11e9-b94d-0050560134d5",
    "gatewayToken":"",
    "method":"none",
    "ccType":"",
    "ccLastFour":"",
    "ccFirstName":"",
    "ccLastName":"",
    "ccEmail":"",
    "ccExpirationDate":"",
    "ccCompany":"",
    "ccCountry":"",
    "ccAddress":"",
    "ccCity":"",
    "ccState":"",
    "ccZip":"",
    "canceledDatetime":"",
    "cancelType":"",
    "cancelReason":"",
    "createdDatetime":"2019-01-20T13:10:07+00:00",
    "paymentMethod":"",
    "plan":{
      "id":"b44a5d67-057d-11e6-8d5b-005056a548e6",
      "code":"200",
      "name":"מסלול חינם (code 200)",
      "description":"3 קמפיינים מעוצבים, הודעות טקסט ללא הגבלה, אימייל ותוכן פייסבוק ללא הגבלה",
      "isActive":"1",
      "isFree":true,
      "billingFrequencyUnit":"months",
      "billingFrequencyQuantity":"1",
      "recurringChargeCode":"200_RECURRING",
      "recurringChargeAmount":"0.00",
      "setupChargeCode":"",
      "setupChargeAmount":"0.00",
      "createdDatetime":"2016-04-18T15:53:33+00:00",
      "items":[
        "Array"
      ]
    },
    "invoice":{
      "id":"ec95a6ea-42c4-11eb-bed7-0eff6b8b8fd3",
      "invoiceNumber":"414300",
      "type":"subscription",
      "billingDatetime":"2021-01-20T13:10:07+00:00",
      "previousBillingDatetime":"2020-12-20T13:10:07+00:00",
      "paidTransactionId":"0adb537b-5b21-11eb-bed7-0eff6b8b8fd3",
      "taxRate":"0.1700",
      "isInitial":0,
      "createdDatetime":"2020-12-20T13:11:51+00:00",
      "items":[
        "Array"
      ],
      "charges":[
        "Array"
      ],
      "transaction":[
        "Object"
      ],
      "description":"חיוב חודשי למסלול ברודקאסט"
    }
  }
}
