{
  "status": 10,
  "sla_customer": {
    "ID": "dcf8595d-614c-11eb-bed7-0eff6b8b8fd3",
    "Code": "15837",
    "FirstName": "גילי",
    "LastName": "15837",
    "Company": "גילזגבות",
    "Email": "gili94710@yahoo.com",
    "Notes": "",
    "GatewayToken": "",
    "IsVATExempt": null,
    "VatNumber": null,
    "FirstContactDatetime": null,
    "Referer": "",
    "CampaignTerm": "",
    "CampaignName": "",
    "CampaignSource": "",
    "CampaignMedium": "",
    "CampaignContent": "",
    "CreatedDateTime": "\/Date(1611826831000)\/",
    "ModifiedDateTime": "\/Date(1611826894000)\/",
        "Subscriptions": [
      {
        "ID": "159d17b4-64a1-11eb-bed7-0eff6b8b8fd3",
        "SubscriptionsPlans": [
          {
            "ID": "b44a5d67-057d-11e6-8d5b-005056a548e6",
            "Code": "200",
            "Name": "מסלול חינם (code 200)",
            "Description": "3 קמפיינים מעוצבים, הודעות טקסט ללא הגבלה, אימייל ותוכן פייסבוק ללא הגבלה",
            "IsActive": true,
            "IsFree": true,
            "TrialDays": 0,
            "BillingFrequency": "monthly",
            "BillingFrequencyPer": "month",
            "BillingFrequencyUnit": "months",
            "BillingFrequencyQuantity": "1",
            "SetupChargeCode": "",
            "SetupChargeAmount": 0,
            "RecurringChargeCode": "200_RECURRING",
            "RecurringChargeAmount": 0,
            "CreatedDateTime": "\/Date(1460994813000)\/",
            "PlanItems": [
              {
                "ID": "0b8ef705-c4d5-11e5-ae4b-005056a548e6",
                "Code": "310",
                "Name": "campaigns package usage",
                "QuantityIncluded": 1000000,
                "IsPeriodic": false,
                "OverageAmount": 0,
                "CreatedDateTime": "\/Date(1460994813000)\/"
              },
              {
                "ID": "15e61594-c4d5-11e5-ae4b-005056a548e6",
                "Code": "320",
                "Name": "campaigns package limit",
                "QuantityIncluded": 1000000,
                "IsPeriodic": false,
                "OverageAmount": 0,
                "CreatedDateTime": "\/Date(1460994813000)\/"
              },
              {
                "ID": "18458a5e-bfc8-11e3-8d40-bc764e057bd1",
                "Code": "200",
                "Name": "כמות הודעות טקסט מעבר לחבילה",
                "QuantityIncluded": 1000000,
                "IsPeriodic": false,
                "OverageAmount": 0,
                "CreatedDateTime": "\/Date(1460994813000)\/"
              },
              {
                "ID": "19f72046-0372-11e5-b055-005056a548e6",
                "Code": "220",
                "Name": "text messages package limit",
                "QuantityIncluded": 1000000,
                "IsPeriodic": false,
                "OverageAmount": 0,
                "CreatedDateTime": "\/Date(1460994813000)\/"
              },
              {
                "ID": "22d4c258-0372-11e5-b055-005056a548e6",
                "Code": "210",
                "Name": "text messages package usage",
                "QuantityIncluded": 1000000,
                "IsPeriodic": false,
                "OverageAmount": 0,
                "CreatedDateTime": "\/Date(1460994813000)\/"
              },
              {
                "ID": "3711e782-c593-11e7-be8b-0050560134d5",
                "Code": "1000",
                "Name": "תפעול מערכת",
                "QuantityIncluded": 0,
                "IsPeriodic": false,
                "OverageAmount": 0,
                "CreatedDateTime": "\/Date(1510262173000)\/"
              },
              {
                "ID": "3c3c6cad-c593-11e7-be8b-0050560134d5",
                "Code": "1100",
                "Name": "ליווי אישי על ידי נציג",
                "QuantityIncluded": 0,
                "IsPeriodic": false,
                "OverageAmount": 0,
                "CreatedDateTime": "\/Date(1510262192000)\/"
              },
              {
                "ID": "40614a81-4336-11ea-9cad-0050560134d5",
                "Code": "1200",
                "Name": "דף עסקי",
                "QuantityIncluded": 0,
                "IsPeriodic": false,
                "OverageAmount": 0,
                "CreatedDateTime": "\/Date(1580371087000)\/"
              },
              {
                "ID": "49b3a938-057c-11e6-8d5b-005056a548e6",
                "Code": "710",
                "Name": "email package usage",
                "QuantityIncluded": 1000000,
                "IsPeriodic": false,
                "OverageAmount": 0,
                "CreatedDateTime": "\/Date(1460994813000)\/"
              },
              {
                "ID": "544a946f-83c1-11e4-bc8a-005056a548e6",
                "Code": "400",
                "Name": "show grace",
                "QuantityIncluded": 1,
                "IsPeriodic": false,
                "OverageAmount": 0,
                "CreatedDateTime": "\/Date(1460994813000)\/"
              },
              {
                "ID": "5588ec28-057c-11e6-8d5b-005056a548e6",
                "Code": "720",
                "Name": "email package limit",
                "QuantityIncluded": 1000000,
                "IsPeriodic": false,
                "OverageAmount": 0,
                "CreatedDateTime": "\/Date(1460994813000)\/"
              },
              {
                "ID": "5bbefe3d-74b8-11ea-af1a-0050560134d5",
                "Code": "1300",
                "Name": "ניהול לקוחות מתקדם",
                "QuantityIncluded": 0,
                "IsPeriodic": false,
                "OverageAmount": 0,
                "CreatedDateTime": "\/Date(1585814575000)\/"
              },
              {
                "ID": "6c9ddd3f-05fd-11e6-8d5b-005056a548e6",
                "Code": "700",
                "Name": "כמות הודעות אמייל מעבר לחבילה",
                "QuantityIncluded": 1000000,
                "IsPeriodic": false,
                "OverageAmount": 0,
                "CreatedDateTime": "\/Date(1461049669000)\/"
              },
              {
                "ID": "6eab8e5a-c1df-11e4-8afd-005056a548e6",
                "Code": "500",
                "Name": "קמפיינים לפייסבוק",
                "QuantityIncluded": 1000000,
                "IsPeriodic": false,
                "OverageAmount": 0,
                "CreatedDateTime": "\/Date(1460994813000)\/"
              },
              {
                "ID": "6ec21f85-c1df-11e4-8afd-005056a548e6",
                "Code": "550",
                "Name": "FB campaigns grace",
                "QuantityIncluded": 0,
                "IsPeriodic": false,
                "OverageAmount": 0,
                "CreatedDateTime": "\/Date(1460994813000)\/"
              },
              {
                "ID": "78d39400-d658-11e4-8afd-005056a548e6",
                "Code": "410",
                "Name": "allow premium content",
                "QuantityIncluded": 0,
                "IsPeriodic": false,
                "OverageAmount": 0,
                "CreatedDateTime": "\/Date(1460994813000)\/"
              },
              {
                "ID": "92994429-f064-11e3-9d06-005056a548e6",
                "Code": "300",
                "Name": "קמפיינים",
                "QuantityIncluded": 3,
                "IsPeriodic": false,
                "OverageAmount": 0,
                "CreatedDateTime": "\/Date(1460994813000)\/"
              },
              {
                "ID": "990ba524-74b6-11ea-af1a-0050560134d5",
                "Code": "10",
                "Name": "yearly plan",
                "QuantityIncluded": 0,
                "IsPeriodic": false,
                "OverageAmount": 0,
                "CreatedDateTime": "\/Date(1585813818000)\/"
              },
              {
                "ID": "add9191c-bfc7-11e3-8d40-bc764e057bd1",
                "Code": "100",
                "Name": "לקוחות",
                "QuantityIncluded": 40,
                "IsPeriodic": false,
                "OverageAmount": 0,
                "CreatedDateTime": "\/Date(1460994813000)\/"
              },
              {
                "ID": "b4ab5592-74b7-11ea-af1a-0050560134d5",
                "Code": "110",
                "Name": "crm pro enable",
                "QuantityIncluded": 0,
                "IsPeriodic": false,
                "OverageAmount": 0,
                "CreatedDateTime": "\/Date(1585814294000)\/"
              },
              {
                "ID": "cf4c1ff0-ec4a-11e4-b055-005056a548e6",
                "Code": "420",
                "Name": "enable advanced options",
                "QuantityIncluded": 0,
                "IsPeriodic": false,
                "OverageAmount": 0,
                "CreatedDateTime": "\/Date(1460994813000)\/"
              },
              {
                "ID": "da341e06-2466-11e4-a014-005056a548e6",
                "Code": "250",
                "Name": "text messages grace",
                "QuantityIncluded": 0,
                "IsPeriodic": false,
                "OverageAmount": 0,
                "CreatedDateTime": "\/Date(1460994813000)\/"
              },
              {
                "ID": "e41bbb89-2466-11e4-a014-005056a548e6",
                "Code": "350",
                "Name": "campaigns grace",
                "QuantityIncluded": 0,
                "IsPeriodic": false,
                "OverageAmount": 0,
                "CreatedDateTime": "\/Date(1460994813000)\/"
              },
              {
                "ID": "ebbba60c-c59b-11e7-be8b-0050560134d5",
                "Code": "2000",
                "Name": "חשבון מנהל מותג",
                "QuantityIncluded": 0,
                "IsPeriodic": false,
                "OverageAmount": 0,
                "CreatedDateTime": "\/Date(1510265912000)\/"
              },
              {
                "ID": "ed522c13-c4d4-11e5-ae4b-005056a548e6",
                "Code": "600",
                "Name": "referral shares",
                "QuantityIncluded": 1000000,
                "IsPeriodic": false,
                "OverageAmount": 0,
                "CreatedDateTime": "\/Date(1460994813000)\/"
              },
              {
                "ID": "ef8725d3-2466-11e4-a014-005056a548e6",
                "Code": "150",
                "Name": "customers grace",
                "QuantityIncluded": 10,
                "IsPeriodic": false,
                "OverageAmount": 0,
                "CreatedDateTime": "\/Date(1460994813000)\/"
              }
            ]
          }
        ],
        "GatewayToken": "BUYER161-2175360S-CWUWN4TZ-TUICT8QM",
        "GatewayAccount": {
          "ID": "afe649d2-41b8-11e9-af1a-0050560134d5",
          "Gateway": "Isracard",
          "Type": "cc"
        },
        "CCFirstName": "NA",
        "CCLastName": "NA",
        "CCCompany": "",
        "CCCountry": "",
        "CCAddress": "",
        "CCCity": "",
        "CCState": "",
        "CCZip": "",
        "CCType": "visa",
        "CCLastFour": 6580,
        "CCExpirationDate": "\/Date(1711832400000)\/",
        "CanceledDateTime": null,
        "CreatedDateTime": "\/Date(1612192858000)\/",
        "SubscriptionItems": [
          {
            "ID": "18458a5e-bfc8-11e3-8d40-bc764e057bd1",
            "Code": "200",
            "Name": "כמות הודעות טקסט מעבר לחבילה",
            "Quantity": 0,
            "Grants": [],
            "CreatedDateTime": "\/Date(1611826835000)\/",
            "ModifiedDateTime": "\/Date(1612192858000)\/"
          },
          {
            "ID": "544a946f-83c1-11e4-bc8a-005056a548e6",
            "Code": "400",
            "Name": "show grace",
            "Quantity": 0,
            "Grants": [],
            "CreatedDateTime": null,
            "ModifiedDateTime": null
          },
          {
            "ID": "92994429-f064-11e3-9d06-005056a548e6",
            "Code": "300",
            "Name": "קמפיינים",
            "Quantity": 0,
            "Grants": [],
            "CreatedDateTime": "\/Date(1611826833000)\/",
            "ModifiedDateTime": "\/Date(1612192858000)\/"
          },
          {
            "ID": "add9191c-bfc7-11e3-8d40-bc764e057bd1",
            "Code": "100",
            "Name": "לקוחות",
            "Quantity": 0,
            "Grants": [],
            "CreatedDateTime": "\/Date(1611826832000)\/",
            "ModifiedDateTime": "\/Date(1612192858000)\/"
          },
          {
            "ID": "da341e06-2466-11e4-a014-005056a548e6",
            "Code": "250",
            "Name": "text messages grace",
            "Quantity": 0,
            "Grants": [],
            "CreatedDateTime": null,
            "ModifiedDateTime": null
          },
          {
            "ID": "e41bbb89-2466-11e4-a014-005056a548e6",
            "Code": "350",
            "Name": "campaigns grace",
            "Quantity": 0,
            "Grants": [],
            "CreatedDateTime": null,
            "ModifiedDateTime": null
          },
          {
            "ID": "ef8725d3-2466-11e4-a014-005056a548e6",
            "Code": "150",
            "Name": "customers grace",
            "Quantity": 0,
            "Grants": [],
            "CreatedDateTime": null,
            "ModifiedDateTime": null
          },
          {
            "ID": "6eab8e5a-c1df-11e4-8afd-005056a548e6",
            "Code": "500",
            "Name": "קמפיינים לפייסבוק",
            "Quantity": 0,
            "Grants": [],
            "CreatedDateTime": "\/Date(1611826834000)\/",
            "ModifiedDateTime": "\/Date(1612192858000)\/"
          },
          {
            "ID": "6ec21f85-c1df-11e4-8afd-005056a548e6",
            "Code": "550",
            "Name": "FB campaigns grace",
            "Quantity": 0,
            "Grants": [],
            "CreatedDateTime": null,
            "ModifiedDateTime": null
          },
          {
            "ID": "78d39400-d658-11e4-8afd-005056a548e6",
            "Code": "410",
            "Name": "allow premium content",
            "Quantity": 0,
            "Grants": [],
            "CreatedDateTime": null,
            "ModifiedDateTime": null
          },
          {
            "ID": "cf4c1ff0-ec4a-11e4-b055-005056a548e6",
            "Code": "420",
            "Name": "enable advanced options",
            "Quantity": 0,
            "Grants": [],
            "CreatedDateTime": null,
            "ModifiedDateTime": null
          },
          {
            "ID": "19f72046-0372-11e5-b055-005056a548e6",
            "Code": "220",
            "Name": "text messages package limit",
            "Quantity": 0,
            "Grants": [],
            "CreatedDateTime": null,
            "ModifiedDateTime": null
          },
          {
            "ID": "22d4c258-0372-11e5-b055-005056a548e6",
            "Code": "210",
            "Name": "text messages package usage",
            "Quantity": 0,
            "Grants": [],
            "CreatedDateTime": null,
            "ModifiedDateTime": null
          },
          {
            "ID": "ed522c13-c4d4-11e5-ae4b-005056a548e6",
            "Code": "600",
            "Name": "referral shares",
            "Quantity": 0,
            "Grants": [],
            "CreatedDateTime": "\/Date(1612192015000)\/",
            "ModifiedDateTime": "\/Date(1612192858000)\/"
          },
          {
            "ID": "0b8ef705-c4d5-11e5-ae4b-005056a548e6",
            "Code": "310",
            "Name": "campaigns package usage",
            "Quantity": 0,
            "Grants": [],
            "CreatedDateTime": "\/Date(1612175220000)\/",
            "ModifiedDateTime": "\/Date(1612192858000)\/"
          },
          {
            "ID": "15e61594-c4d5-11e5-ae4b-005056a548e6",
            "Code": "320",
            "Name": "campaigns package limit",
            "Quantity": 0,
            "Grants": [],
            "CreatedDateTime": "\/Date(1612175221000)\/",
            "ModifiedDateTime": "\/Date(1612192858000)\/"
          },
          {
            "ID": "49b3a938-057c-11e6-8d5b-005056a548e6",
            "Code": "710",
            "Name": "email package usage",
            "Quantity": 0,
            "Grants": [],
            "CreatedDateTime": null,
            "ModifiedDateTime": null
          },
          {
            "ID": "5588ec28-057c-11e6-8d5b-005056a548e6",
            "Code": "720",
            "Name": "email package limit",
            "Quantity": 0,
            "Grants": [],
            "CreatedDateTime": null,
            "ModifiedDateTime": null
          },
          {
            "ID": "6c9ddd3f-05fd-11e6-8d5b-005056a548e6",
            "Code": "700",
            "Name": "כמות הודעות אמייל מעבר לחבילה",
            "Quantity": 0,
            "Grants": [],
            "CreatedDateTime": null,
            "ModifiedDateTime": null
          },
          {
            "ID": "3711e782-c593-11e7-be8b-0050560134d5",
            "Code": "1000",
            "Name": "תפעול מערכת",
            "Quantity": 0,
            "Grants": [],
            "CreatedDateTime": "\/Date(1612175216000)\/",
            "ModifiedDateTime": "\/Date(1612192858000)\/"
          },
          {
            "ID": "3c3c6cad-c593-11e7-be8b-0050560134d5",
            "Code": "1100",
            "Name": "ליווי אישי על ידי נציג",
            "Quantity": 0,
            "Grants": [],
            "CreatedDateTime": "\/Date(1612175223000)\/",
            "ModifiedDateTime": "\/Date(1612192858000)\/"
          },
          {
            "ID": "ebbba60c-c59b-11e7-be8b-0050560134d5",
            "Code": "2000",
            "Name": "חשבון מנהל מותג",
            "Quantity": 0,
            "Grants": [],
            "CreatedDateTime": "\/Date(1612175224000)\/",
            "ModifiedDateTime": "\/Date(1612192858000)\/"
          },
          {
            "ID": "40614a81-4336-11ea-9cad-0050560134d5",
            "Code": "1200",
            "Name": "דף עסקי",
            "Quantity": 0,
            "Grants": [],
            "CreatedDateTime": "\/Date(1612175226000)\/",
            "ModifiedDateTime": "\/Date(1612192858000)\/"
          },
          {
            "ID": "990ba524-74b6-11ea-af1a-0050560134d5",
            "Code": "10",
            "Name": "yearly plan",
            "Quantity": 0,
            "Grants": [],
            "CreatedDateTime": "\/Date(1612175227000)\/",
            "ModifiedDateTime": "\/Date(1612192858000)\/"
          },
          {
            "ID": "b4ab5592-74b7-11ea-af1a-0050560134d5",
            "Code": "110",
            "Name": "crm pro enable",
            "Quantity": 0,
            "Grants": [],
            "CreatedDateTime": "\/Date(1612175227000)\/",
            "ModifiedDateTime": "\/Date(1612192858000)\/"
          },
          {
            "ID": "5bbefe3d-74b8-11ea-af1a-0050560134d5",
            "Code": "1300",
            "Name": "ניהול לקוחות מתקדם",
            "Quantity": 0,
            "Grants": [],
            "CreatedDateTime": "\/Date(1612175229000)\/",
            "ModifiedDateTime": "\/Date(1612192858000)\/"
          }
        ],
        "Invoices": [
          {
            "ID": "dd050861-614c-11eb-bed7-0eff6b8b8fd3",
            "Number": 430273,
            "Type": "subscription",
            "BillingDateTime": "\/Date(1614589200000)\/",
            "PaidTransactionId": null,
            "CreatedDateTime": "\/Date(1611826831000)\/",
            "Charges": [
              {
                "ID": null,
                "Code": "200_RECURRING",
                "Type": "recurring",
                "Quantity": 1,
                "EachAmount": 0,
                "Description": "",
                "CreatedDateTime": "\/Date(-62135596800000)\/"
              }
            ]
          },
          {
            "ID": "9743422c-6910-11eb-bed7-0eff6b8b8fd3",
            "Number": 434469,
            "Type": "one-time",
            "BillingDateTime": "\/Date(1612680554000)\/",
            "PaidTransactionId": "9746ec85-6910-11eb-bed7-0eff6b8b8fd3",
            "CreatedDateTime": "\/Date(1612680554000)\/",
            "Charges": [
              {
                "ID": "97451c8c-6910-11eb-bed7-0eff6b8b8fd3",
                "Code": "c43fedbb-734b-450f-b4e4-7656045737d9",
                "Type": "custom",
                "Quantity": 1,
                "EachAmount": 59,
                "Description": "תשלום עבור תוכן בודד",
                "CreatedDateTime": "\/Date(-62135596800000)\/"
              }
            ]
          }
        ],
        "RedirectUrl": null
      },
      {
        "ID": "ff84ba62-6477-11eb-bed7-0eff6b8b8fd3",
        "SubscriptionsPlans": [
          {
            "ID": "bd0112c1-057f-11e6-8d5b-005056a548e6",
            "Code": "300",
            "Name": "עסק מתחיל   (code 300)",
            "Description": "4 קמפיינים בחודש, הודעות טקסט ללא הגבלה, אימייל ותוכן פייסבוק ללא הגבלה",
            "IsActive": true,
            "IsFree": false,
            "TrialDays": 0,
            "BillingFrequency": "monthly",
            "BillingFrequencyPer": "month",
            "BillingFrequencyUnit": "months",
            "BillingFrequencyQuantity": "1",
            "SetupChargeCode": "",
            "SetupChargeAmount": 0,
            "RecurringChargeCode": "300_RECURRING",
            "RecurringChargeAmount": 99,
            "CreatedDateTime": "\/Date(1460995687000)\/",
            "PlanItems": [
              {
                "ID": "0b8ef705-c4d5-11e5-ae4b-005056a548e6",
                "Code": "310",
                "Name": "campaigns package usage",
                "QuantityIncluded": 1000000,
                "IsPeriodic": false,
                "OverageAmount": 0,
                "CreatedDateTime": "\/Date(1460995687000)\/"
              },
              {
                "ID": "15e61594-c4d5-11e5-ae4b-005056a548e6",
                "Code": "320",
                "Name": "campaigns package limit",
                "QuantityIncluded": 1000000,
                "IsPeriodic": false,
                "OverageAmount": 0,
                "CreatedDateTime": "\/Date(1460995687000)\/"
              },
              {
                "ID": "18458a5e-bfc8-11e3-8d40-bc764e057bd1",
                "Code": "200",
                "Name": "כמות הודעות טקסט מעבר לחבילה",
                "QuantityIncluded": 1000000,
                "IsPeriodic": false,
                "OverageAmount": 0,
                "CreatedDateTime": "\/Date(1460995687000)\/"
              },
              {
                "ID": "19f72046-0372-11e5-b055-005056a548e6",
                "Code": "220",
                "Name": "text messages package limit",
                "QuantityIncluded": 1000000,
                "IsPeriodic": false,
                "OverageAmount": 0,
                "CreatedDateTime": "\/Date(1460995687000)\/"
              },
              {
                "ID": "22d4c258-0372-11e5-b055-005056a548e6",
                "Code": "210",
                "Name": "text messages package usage",
                "QuantityIncluded": 1000000,
                "IsPeriodic": false,
                "OverageAmount": 0,
                "CreatedDateTime": "\/Date(1460995687000)\/"
              },
              {
                "ID": "3711e782-c593-11e7-be8b-0050560134d5",
                "Code": "1000",
                "Name": "תפעול מערכת",
                "QuantityIncluded": 0,
                "IsPeriodic": false,
                "OverageAmount": 1,
                "CreatedDateTime": "\/Date(1510262173000)\/"
              },
              {
                "ID": "3c3c6cad-c593-11e7-be8b-0050560134d5",
                "Code": "1100",
                "Name": "ליווי אישי על ידי נציג",
                "QuantityIncluded": 0,
                "IsPeriodic": false,
                "OverageAmount": 1,
                "CreatedDateTime": "\/Date(1510262192000)\/"
              },
              {
                "ID": "40614a81-4336-11ea-9cad-0050560134d5",
                "Code": "1200",
                "Name": "דף עסקי",
                "QuantityIncluded": 0,
                "IsPeriodic": false,
                "OverageAmount": 1,
                "CreatedDateTime": "\/Date(1580371087000)\/"
              },
              {
                "ID": "49b3a938-057c-11e6-8d5b-005056a548e6",
                "Code": "710",
                "Name": "email package usage",
                "QuantityIncluded": 1000000,
                "IsPeriodic": false,
                "OverageAmount": 0,
                "CreatedDateTime": "\/Date(1460995687000)\/"
              },
              {
                "ID": "544a946f-83c1-11e4-bc8a-005056a548e6",
                "Code": "400",
                "Name": "show grace",
                "QuantityIncluded": 1,
                "IsPeriodic": false,
                "OverageAmount": 0,
                "CreatedDateTime": "\/Date(1460995687000)\/"
              },
              {
                "ID": "5588ec28-057c-11e6-8d5b-005056a548e6",
                "Code": "720",
                "Name": "email package limit",
                "QuantityIncluded": 1000000,
                "IsPeriodic": false,
                "OverageAmount": 0,
                "CreatedDateTime": "\/Date(1460995687000)\/"
              },
              {
                "ID": "5bbefe3d-74b8-11ea-af1a-0050560134d5",
                "Code": "1300",
                "Name": "ניהול לקוחות מתקדם",
                "QuantityIncluded": 0,
                "IsPeriodic": false,
                "OverageAmount": 1,
                "CreatedDateTime": "\/Date(1585814575000)\/"
              },
              {
                "ID": "6c9ddd3f-05fd-11e6-8d5b-005056a548e6",
                "Code": "700",
                "Name": "כמות הודעות אמייל מעבר לחבילה",
                "QuantityIncluded": 1000000,
                "IsPeriodic": false,
                "OverageAmount": 0,
                "CreatedDateTime": "\/Date(1461049669000)\/"
              },
              {
                "ID": "6eab8e5a-c1df-11e4-8afd-005056a548e6",
                "Code": "500",
                "Name": "קמפיינים לפייסבוק",
                "QuantityIncluded": 1000000,
                "IsPeriodic": false,
                "OverageAmount": 0,
                "CreatedDateTime": "\/Date(1460995687000)\/"
              },
              {
                "ID": "6ec21f85-c1df-11e4-8afd-005056a548e6",
                "Code": "550",
                "Name": "FB campaigns grace",
                "QuantityIncluded": 0,
                "IsPeriodic": false,
                "OverageAmount": 0,
                "CreatedDateTime": "\/Date(1460995687000)\/"
              },
              {
                "ID": "78d39400-d658-11e4-8afd-005056a548e6",
                "Code": "410",
                "Name": "allow premium content",
                "QuantityIncluded": 0,
                "IsPeriodic": false,
                "OverageAmount": 0,
                "CreatedDateTime": "\/Date(1460995687000)\/"
              },
              {
                "ID": "92994429-f064-11e3-9d06-005056a548e6",
                "Code": "300",
                "Name": "קמפיינים",
                "QuantityIncluded": 15,
                "IsPeriodic": true,
                "OverageAmount": 0,
                "CreatedDateTime": "\/Date(1460995687000)\/"
              },
              {
                "ID": "990ba524-74b6-11ea-af1a-0050560134d5",
                "Code": "10",
                "Name": "yearly plan",
                "QuantityIncluded": 1,
                "IsPeriodic": false,
                "OverageAmount": 0,
                "CreatedDateTime": "\/Date(1585813818000)\/"
              },
              {
                "ID": "add9191c-bfc7-11e3-8d40-bc764e057bd1",
                "Code": "100",
                "Name": "לקוחות",
                "QuantityIncluded": 150,
                "IsPeriodic": false,
                "OverageAmount": 0.5,
                "CreatedDateTime": "\/Date(1460995687000)\/"
              },
              {
                "ID": "b4ab5592-74b7-11ea-af1a-0050560134d5",
                "Code": "110",
                "Name": "crm pro enable",
                "QuantityIncluded": 10,
                "IsPeriodic": false,
                "OverageAmount": 0,
                "CreatedDateTime": "\/Date(1585814294000)\/"
              },
              {
                "ID": "cf4c1ff0-ec4a-11e4-b055-005056a548e6",
                "Code": "420",
                "Name": "enable advanced options",
                "QuantityIncluded": 1,
                "IsPeriodic": false,
                "OverageAmount": 0,
                "CreatedDateTime": "\/Date(1460995687000)\/"
              },
              {
                "ID": "da341e06-2466-11e4-a014-005056a548e6",
                "Code": "250",
                "Name": "text messages grace",
                "QuantityIncluded": 0,
                "IsPeriodic": false,
                "OverageAmount": 0,
                "CreatedDateTime": "\/Date(1460995687000)\/"
              },
              {
                "ID": "e41bbb89-2466-11e4-a014-005056a548e6",
                "Code": "350",
                "Name": "campaigns grace",
                "QuantityIncluded": 7,
                "IsPeriodic": false,
                "OverageAmount": 0,
                "CreatedDateTime": "\/Date(1460995687000)\/"
              },
              {
                "ID": "ebbba60c-c59b-11e7-be8b-0050560134d5",
                "Code": "2000",
                "Name": "חשבון מנהל מותג",
                "QuantityIncluded": 0,
                "IsPeriodic": false,
                "OverageAmount": 0,
                "CreatedDateTime": "\/Date(1510265912000)\/"
              },
              {
                "ID": "ed522c13-c4d4-11e5-ae4b-005056a548e6",
                "Code": "600",
                "Name": "referral shares",
                "QuantityIncluded": 1000000,
                "IsPeriodic": false,
                "OverageAmount": 0,
                "CreatedDateTime": "\/Date(1460995687000)\/"
              },
              {
                "ID": "ef8725d3-2466-11e4-a014-005056a548e6",
                "Code": "150",
                "Name": "customers grace",
                "QuantityIncluded": 0,
                "IsPeriodic": false,
                "OverageAmount": 0,
                "CreatedDateTime": "\/Date(1460995687000)\/"
              }
            ]
          }
        ],
        "GatewayToken": "BUYER161-2175360S-CWUWN4TZ-TUICT8QM",
        "GatewayAccount": {
          "ID": "afe649d2-41b8-11e9-af1a-0050560134d5",
          "Gateway": "Isracard",
          "Type": "cc"
        },
        "CCFirstName": "NA",
        "CCLastName": "NA",
        "CCCompany": "",
        "CCCountry": "",
        "CCAddress": "",
        "CCCity": "",
        "CCState": "",
        "CCZip": "",
        "CCType": "visa",
        "CCLastFour": 6580,
        "CCExpirationDate": "\/Date(1711832400000)\/",
        "CanceledDateTime": null,
        "CreatedDateTime": "\/Date(1612175211000)\/",
        "SubscriptionItems": [],
        "Invoices": [
          {
            "ID": "1c4f7aa5-6478-11eb-bed7-0eff6b8b8fd3",
            "Number": 431479,
            "Type": "one-time",
            "BillingDateTime": "\/Date(1612175259000)\/",
            "PaidTransactionId": "1c51b32b-6478-11eb-bed7-0eff6b8b8fd3",
            "CreatedDateTime": "\/Date(1612175259000)\/",
            "Charges": [
              {
                "ID": "1c507827-6478-11eb-bed7-0eff6b8b8fd3",
                "Code": "6a37174d-354f-4732-9f2f-ed335c4eda17",
                "Type": "custom",
                "Quantity": 1,
                "EachAmount": 288,
                "Description": "שירות תכנים ומועדון חברים (כולל 15% הנחה ל4 חודשים)",
                "CreatedDateTime": "\/Date(-62135596800000)\/"
              }
            ]
          }
        ],
        "RedirectUrl": null
      },
      {
        "ID": "dcf9e22d-614c-11eb-bed7-0eff6b8b8fd3",
        "SubscriptionsPlans": [
          {
            "ID": "b44a5d67-057d-11e6-8d5b-005056a548e6",
            "Code": "200",
            "Name": "מסלול חינם (code 200)",
            "Description": "3 קמפיינים מעוצבים, הודעות טקסט ללא הגבלה, אימייל ותוכן פייסבוק ללא הגבלה",
            "IsActive": true,
            "IsFree": true,
            "TrialDays": 0,
            "BillingFrequency": "monthly",
            "BillingFrequencyPer": "month",
            "BillingFrequencyUnit": "months",
            "BillingFrequencyQuantity": "1",
            "SetupChargeCode": "",
            "SetupChargeAmount": 0,
            "RecurringChargeCode": "200_RECURRING",
            "RecurringChargeAmount": 0,
            "CreatedDateTime": "\/Date(1460994813000)\/",
            "PlanItems": [
              {
                "ID": "0b8ef705-c4d5-11e5-ae4b-005056a548e6",
                "Code": "310",
                "Name": "campaigns package usage",
                "QuantityIncluded": 1000000,
                "IsPeriodic": false,
                "OverageAmount": 0,
                "CreatedDateTime": "\/Date(1460994813000)\/"
              },
              {
                "ID": "15e61594-c4d5-11e5-ae4b-005056a548e6",
                "Code": "320",
                "Name": "campaigns package limit",
                "QuantityIncluded": 1000000,
                "IsPeriodic": false,
                "OverageAmount": 0,
                "CreatedDateTime": "\/Date(1460994813000)\/"
              },
              {
                "ID": "18458a5e-bfc8-11e3-8d40-bc764e057bd1",
                "Code": "200",
                "Name": "כמות הודעות טקסט מעבר לחבילה",
                "QuantityIncluded": 1000000,
                "IsPeriodic": false,
                "OverageAmount": 0,
                "CreatedDateTime": "\/Date(1460994813000)\/"
              },
              {
                "ID": "19f72046-0372-11e5-b055-005056a548e6",
                "Code": "220",
                "Name": "text messages package limit",
                "QuantityIncluded": 1000000,
                "IsPeriodic": false,
                "OverageAmount": 0,
                "CreatedDateTime": "\/Date(1460994813000)\/"
              },
              {
                "ID": "22d4c258-0372-11e5-b055-005056a548e6",
                "Code": "210",
                "Name": "text messages package usage",
                "QuantityIncluded": 1000000,
                "IsPeriodic": false,
                "OverageAmount": 0,
                "CreatedDateTime": "\/Date(1460994813000)\/"
              },
              {
                "ID": "3711e782-c593-11e7-be8b-0050560134d5",
                "Code": "1000",
                "Name": "תפעול מערכת",
                "QuantityIncluded": 0,
                "IsPeriodic": false,
                "OverageAmount": 0,
                "CreatedDateTime": "\/Date(1510262173000)\/"
              },
              {
                "ID": "3c3c6cad-c593-11e7-be8b-0050560134d5",
                "Code": "1100",
                "Name": "ליווי אישי על ידי נציג",
                "QuantityIncluded": 0,
                "IsPeriodic": false,
                "OverageAmount": 0,
                "CreatedDateTime": "\/Date(1510262192000)\/"
              },
              {
                "ID": "40614a81-4336-11ea-9cad-0050560134d5",
                "Code": "1200",
                "Name": "דף עסקי",
                "QuantityIncluded": 0,
                "IsPeriodic": false,
                "OverageAmount": 0,
                "CreatedDateTime": "\/Date(1580371087000)\/"
              },
              {
                "ID": "49b3a938-057c-11e6-8d5b-005056a548e6",
                "Code": "710",
                "Name": "email package usage",
                "QuantityIncluded": 1000000,
                "IsPeriodic": false,
                "OverageAmount": 0,
                "CreatedDateTime": "\/Date(1460994813000)\/"
              },
              {
                "ID": "544a946f-83c1-11e4-bc8a-005056a548e6",
                "Code": "400",
                "Name": "show grace",
                "QuantityIncluded": 1,
                "IsPeriodic": false,
                "OverageAmount": 0,
                "CreatedDateTime": "\/Date(1460994813000)\/"
              },
              {
                "ID": "5588ec28-057c-11e6-8d5b-005056a548e6",
                "Code": "720",
                "Name": "email package limit",
                "QuantityIncluded": 1000000,
                "IsPeriodic": false,
                "OverageAmount": 0,
                "CreatedDateTime": "\/Date(1460994813000)\/"
              },
              {
                "ID": "5bbefe3d-74b8-11ea-af1a-0050560134d5",
                "Code": "1300",
                "Name": "ניהול לקוחות מתקדם",
                "QuantityIncluded": 0,
                "IsPeriodic": false,
                "OverageAmount": 0,
                "CreatedDateTime": "\/Date(1585814575000)\/"
              },
              {
                "ID": "6c9ddd3f-05fd-11e6-8d5b-005056a548e6",
                "Code": "700",
                "Name": "כמות הודעות אמייל מעבר לחבילה",
                "QuantityIncluded": 1000000,
                "IsPeriodic": false,
                "OverageAmount": 0,
                "CreatedDateTime": "\/Date(1461049669000)\/"
              },
              {
                "ID": "6eab8e5a-c1df-11e4-8afd-005056a548e6",
                "Code": "500",
                "Name": "קמפיינים לפייסבוק",
                "QuantityIncluded": 1000000,
                "IsPeriodic": false,
                "OverageAmount": 0,
                "CreatedDateTime": "\/Date(1460994813000)\/"
              },
              {
                "ID": "6ec21f85-c1df-11e4-8afd-005056a548e6",
                "Code": "550",
                "Name": "FB campaigns grace",
                "QuantityIncluded": 0,
                "IsPeriodic": false,
                "OverageAmount": 0,
                "CreatedDateTime": "\/Date(1460994813000)\/"
              },
              {
                "ID": "78d39400-d658-11e4-8afd-005056a548e6",
                "Code": "410",
                "Name": "allow premium content",
                "QuantityIncluded": 0,
                "IsPeriodic": false,
                "OverageAmount": 0,
                "CreatedDateTime": "\/Date(1460994813000)\/"
              },
              {
                "ID": "92994429-f064-11e3-9d06-005056a548e6",
                "Code": "300",
                "Name": "קמפיינים",
                "QuantityIncluded": 3,
                "IsPeriodic": false,
                "OverageAmount": 0,
                "CreatedDateTime": "\/Date(1460994813000)\/"
              },
              {
                "ID": "990ba524-74b6-11ea-af1a-0050560134d5",
                "Code": "10",
                "Name": "yearly plan",
                "QuantityIncluded": 0,
                "IsPeriodic": false,
                "OverageAmount": 0,
                "CreatedDateTime": "\/Date(1585813818000)\/"
              },
              {
                "ID": "add9191c-bfc7-11e3-8d40-bc764e057bd1",
                "Code": "100",
                "Name": "לקוחות",
                "QuantityIncluded": 40,
                "IsPeriodic": false,
                "OverageAmount": 0,
                "CreatedDateTime": "\/Date(1460994813000)\/"
              },
              {
                "ID": "b4ab5592-74b7-11ea-af1a-0050560134d5",
                "Code": "110",
                "Name": "crm pro enable",
                "QuantityIncluded": 0,
                "IsPeriodic": false,
                "OverageAmount": 0,
                "CreatedDateTime": "\/Date(1585814294000)\/"
              },
              {
                "ID": "cf4c1ff0-ec4a-11e4-b055-005056a548e6",
                "Code": "420",
                "Name": "enable advanced options",
                "QuantityIncluded": 0,
                "IsPeriodic": false,
                "OverageAmount": 0,
                "CreatedDateTime": "\/Date(1460994813000)\/"
              },
              {
                "ID": "da341e06-2466-11e4-a014-005056a548e6",
                "Code": "250",
                "Name": "text messages grace",
                "QuantityIncluded": 0,
                "IsPeriodic": false,
                "OverageAmount": 0,
                "CreatedDateTime": "\/Date(1460994813000)\/"
              },
              {
                "ID": "e41bbb89-2466-11e4-a014-005056a548e6",
                "Code": "350",
                "Name": "campaigns grace",
                "QuantityIncluded": 0,
                "IsPeriodic": false,
                "OverageAmount": 0,
                "CreatedDateTime": "\/Date(1460994813000)\/"
              },
              {
                "ID": "ebbba60c-c59b-11e7-be8b-0050560134d5",
                "Code": "2000",
                "Name": "חשבון מנהל מותג",
                "QuantityIncluded": 0,
                "IsPeriodic": false,
                "OverageAmount": 0,
                "CreatedDateTime": "\/Date(1510265912000)\/"
              },
              {
                "ID": "ed522c13-c4d4-11e5-ae4b-005056a548e6",
                "Code": "600",
                "Name": "referral shares",
                "QuantityIncluded": 1000000,
                "IsPeriodic": false,
                "OverageAmount": 0,
                "CreatedDateTime": "\/Date(1460994813000)\/"
              },
              {
                "ID": "ef8725d3-2466-11e4-a014-005056a548e6",
                "Code": "150",
                "Name": "customers grace",
                "QuantityIncluded": 10,
                "IsPeriodic": false,
                "OverageAmount": 0,
                "CreatedDateTime": "\/Date(1460994813000)\/"
              }
            ]
          }
        ],
        "GatewayToken": "",
        "GatewayAccount": {
          "ID": null,
          "Gateway": null,
          "Type": null
        },
        "CCFirstName": "",
        "CCLastName": "",
        "CCCompany": "",
        "CCCountry": "",
        "CCAddress": "",
        "CCCity": "",
        "CCState": "",
        "CCZip": "",
        "CCType": "",
        "CCLastFour": null,
        "CCExpirationDate": null,
        "CanceledDateTime": null,
        "CreatedDateTime": "\/Date(1611826831000)\/",
        "SubscriptionItems": [],
        "Invoices": [],
        "RedirectUrl": null
      }
    ]
  },
  "sla_error": null
}